ID,resVar,Treatment ,,,,
1,25.34,Control,,,,
2,23.31,Control,,,,
3,17.31,Control,,,,
4,21.72,Control,,,,
5,9.69,Control,,,,
6,17.27,Control,19.10666667,5.632529331,1,6
7,20.44,N,,,,
8,27.74,N,,,,
9,27.78,N,,,,
10,23.94,N,,,,
11,10.08,N,,,,
12,12.62,N,20.43333333,7.588113512,2,6
13,45.77,P,,,,
14,44.66,P,,,,
15,36.97,P,,,,
16,28.7,P,,,,
17,17.2,P,,,,
18,25.93,P,33.205,11.24857458,3,6
19,14.88,NP,,,,
20,12.4,NP,,,,
21,39.8,NP,,,,
22,29.02,NP,,,,
23,39.9,NP,27.2,13.17369348,4,5
