Species,samplingDay1,samplingDay2,samplingDay3
1,0.044684781,0.106995382,0.022254734
2,0.012046743,0.501341198,0.065095586
3,0.507316409,0.005055832,0.004068474
4,0.03467159,0.014021468,0.319560138
5,0.009496806,0.006711192,0.001591588
6,0.001205964,0.09769662,0.01265676
7,0.005982154,0.00048686,0.022046484
8,0.012917762,0.221353573,0.004543567
9,0.357898582,0.045699943,0.007323024
10,0.008267542,0.00048686,0.008844931
11,0.005511668,0.000151074,0.532014715
